,PowerGeneration,Timeofsunshine(hr),Percentageofsunshine(%),Amountofsunshine(MJ_m2),AverageTemperature(℃),MaximumTemperature(℃),MinimumTemperature(℃),AverageHumid(%rh),MinmumHumid(%rh),Precipitation(mm)
PowerGeneration,1.0,0.5753073448325272,0.16457297000198842,0.5752743890250216,-0.009320367247570294,0.030570885522494966,-0.050071652666004975,-0.305858962888771,-0.30947147601467184,0.29829549922814647
Timeofsunshine(hr),0.5753073448325272,1.0,0.6950308762611787,0.5055742523332486,-0.11604701379555349,-0.08732097969725992,-0.14652700211172176,-0.5127325071928828,-0.612789631345031,0.1027618172347654
Percentageofsunshine(%),0.16457297000198842,0.6950308762611787,1.0,-0.26186302462899974,-0.7090586383495756,-0.6901966174926708,-0.7213877232438524,-0.8226710853226078,-0.9034518474468872,-0.19298495895630147
Amountofsunshine(MJ_m2),0.5752743890250216,0.5055742523332486,-0.26186302462899974,1.0,0.6975918364737074,0.713578181942356,0.6688383326782625,0.27790619577351133,0.261389179862627,0.2608391836425239
AverageTemperature(℃),-0.009320367247570294,-0.11604701379555349,-0.7090586383495756,0.6975918364737074,1.0,0.9972893910290056,0.9986112746774911,0.7462487250280818,0.7872493396629323,0.08834167593800794
MaximumTemperature(℃),0.030570885522494966,-0.08732097969725992,-0.6901966174926708,0.713578181942356,0.9972893910290056,1.0,0.994698350879905,0.7366939703250596,0.7673408174061326,0.08444701533367513
MinimumTemperature(℃),-0.050071652666004975,-0.14652700211172176,-0.7213877232438524,0.6688383326782625,0.9986112746774911,0.994698350879905,1.0,0.7604125918487981,0.8046848965845649,0.08906848097308931
AverageHumid(%rh),-0.305858962888771,-0.5127325071928828,-0.8226710853226078,0.27790619577351133,0.7462487250280818,0.7366939703250596,0.7604125918487981,1.0,0.9034351039255123,0.22532227627891158
MinmumHumid(%rh),-0.30947147601467184,-0.612789631345031,-0.9034518474468872,0.261389179862627,0.7872493396629323,0.7673408174061326,0.8046848965845649,0.9034351039255123,1.0,0.05852640365391931
Precipitation(mm),0.29829549922814647,0.1027618172347654,-0.19298495895630147,0.2608391836425239,0.08834167593800794,0.08444701533367513,0.08906848097308931,0.22532227627891158,0.05852640365391931,1.0
